,Title,Publish Date,Place of Accident,Dead,Cause Of Accident,Village Of Accident,Time,Road,Travel To,Travel From,Cars Involved,Cars ,Registration,Day Of Accident,Type Of Accident,Day_Night
0,Five family members perish in accident along Tirinyi road,2021-01-09,Namutumba,5.0,speeding,Jaruko trading center,16.0,Iganga-Mbale ,,from Bugembe,,,UBE,,rammed into stationary  truck,Day
1,One dead in Mityana road accident,2021-01-18,Mityana,1.0,high speed,"Bbuye village, Busimbi divisio",12.0,Mityana - Namutamba,to Mityana,,motorcycle,motorcycle,UDH,Thursday,,Day
2,Two die in Iganga road accident,2021-02-20,Iganga,2.0,speeding,Walugogo located,12.0,Jinja-Iganga highway.,,from Jinja,,,,Saturday,knocked pedestrian,Day
3,Traffic paralysed after train derails in Buikwe,2021-02-16,Buikwe,,poor infrastructure.,Lugazi,2.0,Kampala-Jinja,to Malaba,from Kampala,,,Uga,Tuesday,overturned,Night
4,"Three dead, 11 hospitalized in Amuria accident",2021-02-13,Amuria,3.0,lost control of the vehicle,Adipala Village,,Amuria-Katakwi,Jacinta Akello,from Amuria,Canter Lorry,Truck,UAZ,,overturned,Day
5,"Three killed, 14 injured in Mityana-Mubende Road accident",2021-02-12,Kassanda,3.0,speeding,Kigalama village,,Kampala-Fort Portal ,to Mubende,from Kampala,,,UBB,Friday,rammed into stationary  truck,Day
6,Eleven dead in bizarre Kasese road accident,2021-02-03,Kasese,11.0,speeding,Kasese municipal HCIII,,Kasese-Fort-Portal ,,from Bundibugyo District,truck,Truck,UAU,Tuesday,head on collision,Day
7,Two perish in Iganga accident,2021-02-21,Buikwe,2.0,high speed,Walugogo trading center,,Jinja-Iganga ,,from Jinja,,,UEM,,rammed into stationary  truck,Day
8,Four dead as fuel truck catches fire after road accident,2021-02-12,Bunyangabu,4.0,Fire,Kasunganyanja trading centre,12.0,Kasese-Fort-Portal ,to Fort Portal.,,truck,Truck,URN,Friday,head on collision,Day
9,"Couples Knocked, Valentine‚Äôs Day ends in tragedy",2021-02-14,Arua city,2.0,night,Arua city,,Arua-Ediofe ,,,Toyota Landcruiser,Private cars,UAK,,head on collision,Day
10,Scores injured as speeding truck rams into Luweero water offices,2021-03-31,Luweero,,speeding,Luwero District headquarters,11.0,,,,truck,Truck,UBE,Wednesday,rammed into house,Day
11,Otuke accident claims three lives,2021-03-26,Otuke,3.0,recklessù driving.,Baraliro Village,,Lira - Otuke ,,from Lira City,Fuso truck,Truck,Urb,Thursday,overturned,Day
12,Three perish in Jinja road accident,2021-03-23,Jinja City,3.0,,Wairaka,6.0,Jinja-Iganga ,,from Pallisa District,taxi,Commuter taxi,UBJ,Tuesday,,Night
13,Traffic officer knocked dead in Mpigi,2021-03-17,Mukono,1.0,speeding,Kampiringisa Police Check Point.,6.0,Kampiringisa Police Check point,,,,,,Wednesday,knocked pedestrian,Night
14,"Nakasongola accident claims three, scores injured",2021-03-12,Nakasongola,3.0,"reckless driving,",Katoonga,12.0,Kampala-Nakasongola,to Kampala,from Nakasongola,bus,Bus,UBE,Thursday,head on collision,Day
15,"Five dead, five injured in Mpigi motor accident",2021-03-08,Mpigi,5.0,reckless driving.,Wamatovu-Nakirebe Village,5.0,Kampala - Masaka,to Kampala,from Kampala,commuter taxi,Commuter taxi,UBH,Monday,head on collision,Night
16,CSO official killed in Ntungamo road accident,2021-03-08,Ntugamo,1.0,lost control,Rukungiri,6.0,Mbarara-Kabale ,,,,,UBG,Monday,overturned,Night
17,Two die in Luweero motor accident,2021-03-01,Luweero,2.0,reckless driving and speeding by the taxi,,8.0,Kampala-Gulu ,to Luweero Town,from Kampala,commuter taxi,Commuter taxi,,,,Day
18,"Accident claims three, injures four in Luweero",2021-03-11,Luweero,3.0,Luweero town,Kakinzi village,19.0,Kampala-Gulu ,to Nakasongola.,,trailer,Truck,UBJ,yesterday,rammed other vehicle,Night
19,One killed in Mbale-Tororo road accident,2021-03-30,Mbale,1.0,lost control,Busia town council,20.0,Mbale-Tororo ,to Tororo,from Kapchorwa,Tororo Cement truck,Truck,Deo,,,Night
20,Three perish in Jinja road accident,2021-03-23,Jinja City,3.0,a tyre burst,Wairaka junction,3.0,Jinja-Iganga ,to Kampala.,from Pallisa district,commuter taxi,Commuter taxi,UBJ,,overturned,Night
21,17 critically injured accident victims airlifted to Lira hospital,2021-04-13,Lira City,,,Zoka hill,2.0,Nebbi-Zombo ,to Lira Hospital,from Zombo District,traditional,,,Sunday,overturned,Night
22,One person dies in Natete road accident,2021-04-23,Wakiso,,speeding,Natete,8.0,,,,motorcycle,motorcycle,KBR,Thursday,,Day
23,"Two dead, three injured in Nsambya police truck accident",2021-04-08,Kampala,2.0,reckless driving.,Nsambya Sharing junction,6.0,,,,truck,Truck,UAX,,knocked pedestrian,Night
24,Two presumed dead as fuel truck plunges into Karuma falls,2021-04-24,Kiryandongo,2.0,speeding,Karuma Bridge,,Kampala-Gulu ,to Kampala,from Nwoya,Fuso truck,Truck,UAS,Saturday,Plunged into Karuma,Day
25,"One dead, 7 injured as Fuso crashes into NWSC offices",2021-04-01,Luweero,1.0,,Mpologoma Clinic,6.0,Luweero-Kiwoko ,,,FUSO Truck,Truck,UBE,,rammed into house,Night
26,Policeman dies after falling off speeding patrol truck,2021-05-26,Lira,1.0,speeding,Kampiringisa Police Check Point.,17.0,Labong-ogali trading Centre,,from General Crime,car they,Private cars,,FFU,overturned,Day
27,"Police officer dead, four injured after car overturns in Kapchorwa",2021-05-26,Kapchorwa,1.0,,Thepkwatit village,6.0,Kapchorwa-Bulambuli,,,car they,Private cars,,,overturned,Night
28,"One killed, scores injured in Oyam bus accident",2021-05-23,Oyam,1.0,hit pothole,Loro Odike,23.0,Lira-Kamudini ,to Lira is,from Kampala,Isuzu bus,Bus,UBE,Saturday,overturned,Night
29,Four people perish in Fort Portal-Bundibugyo road accident,2021-05-22,Bundibugyo,4.0,,Nanti town council,16.0,Fort Portal-Bundibugyo,towards Bundibugyo district,from Fort portal,,,UBH,,overturned,Day
30,Another budding journalist dies in Kasese motorcycle crash,2021-05-18,Kasese,1.0,child delivery.,Hima town,15.0,Kasese-Mbarara ,Hima town council,from Bunyangabu District,,,,Tuesday,head on collision,Day
31,14 perish in Masaka-Mbarara road accident,2021-05-06,Masaka City,14.0,trailer driver tried,Kasijagirwa village,7.0,Masaka-Mbarara ,to Kampala.,from Sembabule,taxi,Commuter taxi,UBE,Thursday,head on collision,Day
32,"One Killed, 8 critically injured in Lira road accident",2021-05-25,Lira,1.0,speeding,Atera,8.0,Lira-Kitgum ,,,Canter truck,Truck,UBA,Tuesday,,Day
33,Jinja train accident paralyses traffic in city,2021-05-31,Jinja city,,truck driver failed to,Jinja city,8.0,Kampala-Jinja ,,from Jinja,truck,Truck,UAR,Sunday,head on collision,Day
34,Newly sworn in Kagongo division chairperson perishes in accident,2021-05-25,Ibanda,1.0,speeding,Kashuku road,11.0,Kashuku ,to Ruhoko health center III.,"from 12,858",Fuso truck,Truck,UAY,Monday,,Day
35,Police hunt for driver involved in hit-and-run accident,2021-05-04,Rukiga,1.0,,Maheru village,16.0,,,from where,Isuzu Elf,Truck,UAW,Sunday,knocked pedestrian,Day
36,Three killed in Bundibugyo road accident,2021-05-19,Bundibugyo,3.0,,Nyahuka town council,9.0,,,,,,,Wednesday,,Day
37,Four killed in Fort Portal Bundibugyo road accident,2021-05-22,Bundibugyo,4.0,speeding,Nandi town council,16.0,Fort Portal - Bundibugyo,to Bundibugyo,from Fort Portal,Taxi,Commuter taxi,UBH,Saturday,overturned,Day
38,"Rukungiri accident leaves one dead, another injured",2021-05-12,Rukungiri,1.0,morning,Rukungiri police station.,8.0,Rukungiri-Kanungu,,county Kyenjojo district,Mitsubishi Canter,Truck,UBH,,,Day
39,Narrow escape: All survive nasty Mukono road crash,2021-05-30,Mukono,,on phone,"Ngandu, Mukono Municipality",9.0,Kampala-Jinja,,,Toyota Wish,Private cars,,Sunday,rammed other vehicle,Day
40,UPDF soldiers dead in Soroti-Mbale road accident,2021-06-01,Katakwi,,reckless driving.,Opuyo,14.0,Soroti - Mbale,,,motorcycle,Boda,UAM,Monday,rammed other vehicle,Day
41,Eight UPDF soldiers injured in Bundibugyo accident,2021-06-08,Bundibugyo,1.0,numberless,Dumba cell,13.0,Fort Portal-Bundibugyo,,,,,Sat,Monday,overturned,Day
42,Two perish in road accident,2021-06-08,Buikwe,2.0,high speed,Mawoto village,18.0,Njeru-Kisoga ,,,taxi,Commuter taxi,UAP,Wednesday,head on collision,Day
43,Four killed in Mukono-Katosi Road crash,2021-06-06,Katosi Town Council,4.0,high speed,Mukono Police Station.,0.0,Mukono-Katosi,towards Katosi.,from Katosi,Toyota Wish,Private cars,,Saturday,knocked pedestrian,Night
44,Two seriously hurt in Kassanda Sugar Rally crash,2021-06-08,Kassanda,2.0,rally car,Bukompe village,16.0,,,,ralley car,Rally car,,Saturday,knocked pedestrian,Day
45,Car rams into house hours after 80-year-old owner shifted bed,2021-06-08,Busia,,speeding,,23.0,Tiira ,towards midnight,from Busia Police,,,,Sunday,rammed into house,Night
46,"Two-truck collision in Mbale leaves four siblings dead, two injured",2021-07-10,Mbale,4.0,overtake another vehicle,,6.0,Mbale-Tororo ,,from Mbale.,,,,Saturday,head on collision,Night
47,One killed as car plunges into Luweero roadside stream,2021-06-28,Luweero,1.0,speeding,Ngogolo village,6.0,Kampala-Gulu ,,,Toyota Probox,Private cars,UBG,,,Night
48,Police officer knocked dead in Kansanga,2021-06-22,high speed.,1.0,speeding,Rock Clinic,20.0,Kabalagala Police Station,,,,,,Sunday,knocked pedestrian,Night
49,Two perish in Katosi-Nyenga road accident,2021-06-04,Buikwe,2.0,speeding,Mawoto village,21.0,Katosi-Nyenga Road,,,Taxi,Commuter taxi,UAP,Thursday,overturned,Night
50,Six policemen injured in Katakwi accident,2021-07-21,Katakwi,,a tyre burst,Alera trading centre,6.0,Usuk road,,from Apeleun,,,URN,,swerved off the road,Night
51,Car plunges into Kazinga channel,2021-07-07,Rubirizi,,brake failure.,Katunguru bridge.,12.0,,,from Rubirizi,Toyota Probox vehicle,Private cars,UBD,Tuesday,,Day
52,Two injured in Jinja Road motor accident,2021-07-11,Kampala,2.0,,Mukono ,13.0,KAMPALA - A cyclist,to Mukono district,from Kampala,,,HZE,Sunday,crahed motorcycle,Day
53,Three-year-old knocked dead by family car,2021-07-08,Kira municipality,1.0,received another call informing,Ssempijja,6.0,home,,,,,,Monday,knocked pedestrian,Night
54,"Four killed, six hospitalised in another Mbale road accident",2021-08-25,Mbale,4.0,,Mbale city,10.0,Mbale-Tororo road,,,Toyota Land,Private cars,UBA,,rammed other vehicle,Day
55,"Four dead, five hospitalized after Mbale accident",2021-08-25,Mbale,4.0,speeding,Mbale city,6.0,Mbale - Tororo road,,,Benerad Atwama,Truck,UBB,,crahed motorcycle,Night
56,Buyende NRM chairperson perishes in accident,2021-08-25,Mayuge,1.0,,Butabala Trading Centre,6.0,Kamuli-Jinja Highway.,,,taxi,Commuter taxi,UFE,IOV,head on collision,Night
57,MP Gilbert Olanya involved in ‚Äònasty‚Äô accident,2021-08-25,Mityana,,,Migyera trading centre,21.0,Gulu-Kampala ,to Kampala,from Gulu District,,,,Tuesday,rammed into stationary  truck,Night
58,MP Mwijukye survives lynching after his car knocks two dead,2021-08-23,Mpigi,,,Buwama town council,18.0,Mbizzinya-Kyengera Village,,,,,,Sunday,knocked pedestrian,Day
59,Opposition Chief Whip Nambeshe involved in ‚Äòhorrible‚Äô accident,2021-08-21,Buikwe,,,Mbiiko,6.0,Kampala - Jinja,,,,,,,,Night
60,Police officer knocked dead in Sironko,2021-08-13,Kabale,1.0,speeding,Kota trading center,18.0,Mbale - Moroto road,,,,,UBB,Thursday,knocked pedestrian,Day
61,One dead as two vehicles collide in Rukiga road accident,2021-08-16,Rukiga,1.0,night,Rugarama hospital,20.0,Kabale-Ntungamo ,,,truck,Truck,UAL,Sunday,head on collision,Night
62,"Police speak out on YY bus accident, confirm pedestrian death",2021-08-29,Kampala,1.0,other victims,,5.0,Kampala-Jinja,,,Fuso truck - bus,Truck,UAV,Friday,head on collision,Night
63,Two confirmed dead in fatal accident,2021-08-10,Kiboga,2.0,its tyre burst,Kagobe village,13.0,Kampala-Kiboga,towards Kiboga,from Lwamata,motorcycle,Boda,UAW,Tuesday,head on collision,Day
64,Four injured in Kampala-Masaka Highway accident,2021-08-30,Kalungu,,high speed,Lukaya Town Council,6.0,Kampala-Masaka highway,to Kampala at,,taxi,Commuter taxi,UBF,Sunday,crahed motorcycle,Night
65,Musician Eddy Kenzo involved in accident on Masaka Road,2021-08-05,Wakiso,,,Maya,,Kampala-Masaka Road,,,,,,Thursday,,Day
66,Five killed in Masindi road accident,2021-08-16,Masindi,5.0,lost control,Nyantonzi village,,,,,,,,Monday,overturned,Day
67,Couple perishes in Mpigi motor accident,2021-09-29,Mpigi,2.0,speeding,Mpambire Village,18.0,Kampala ‚ÄìMasaka highway,,,,,UBJ,Tuesday,knocked pedestrian,Day
68,Soldiers injured in city train accident,2021-09-17,Wakiso,,,Kireka,7.0,,,from Bweyogerere,,,,,rammed other vehicle,Day
69,Mubende NMG reporter dies in road accident,2021-09-16,Mubende,1.0,speeding ,Namagogo Way Bridge,6.0,Mubende-Kampala highway,"headed for Mubende Town.

",,,,,Thursday,knocked pedestrian,Night
70,Retired police officer among three killed in Kiryandongo road accident,2021-09-14,Kiryandongo,3.0,child Priscilla Mbabazi- all,Alengo Village,6.0,Gulu-Kampala highway,,from Lira,Toyota Hiace,Commuter taxi,UBG,Tuesday,overturned,Night
71,"Two dead, one injured in Mabira four-car crash",2021-10-22,Buikwe,2.0,reckless driving.,Mabira Forest,5.0,Kampala- Jinja ,to Kampala,from Jinja,trailer,Truck,,Friday,head on collision,Night
72,"Two dead, 13 injured in Pader road accident",2021-10-26,Pader,2.0,"reckless driving,",Laguti trading center,14.0,Gulu-Kitgum highway.,to Kitgum,from Gulu,taxi,Commuter taxi,UBJ,Monday,overturned,Day
73,"Two dead, two injured in Luwero road accident",2021-10-17,Luwero,2.0,two,Ngogoro village,23.0,Kampala-Gulu ,,from Gulu is,Margret Odongo,Private cars,UAS,Saturday,head on collision,Night
74,"Five people perish, eight injured in Kyegegwa road crash",2021-11-27,Kasese,5.0,,Aisha,9.0,Kyegegwa-Mubende Road,for Kampala,from Kasese,taxi,Commuter taxi,UBF,Saturday,rammed other vehicle,Day
75,Three killed in Mityana-Mubende road accident,2021-11-25,Kassanda,3.0,at Kigalama,Kigalama village,6.0,Mityana-Mubende Road,,,taxi,Commuter taxi,UBJ,Thursday,crahed motorcycle,Night
76,Seven injured in Kayunga road accident,2021-11-23,Kayunga,,taxi driver,Kantenga swamp,6.0,Kampala - Kayunga,for Kampala,from Kayunga,taxi,Commuter taxi,UAZ,,overturned,Night
77,Two confirmed dead in Kampala-Masaka Road accident,2021-11-09,Mpigi,2.0,speeding,Bubule Village,20.0,Kampala- Masaka ,to Kampala,from Kampala,taxi,Commuter taxi,UAV,Monday,head on collision,Night
78,Three knocked dead in Namutumba road accident,2021-11-15,Namutumba,3.0,speeding,Magada trading center,7.0,Iganga-Mbale highway,,,Toyota Passo,Private cars,UBH,Monday,crahed motorcycle,Day
79,10 injured in Kisoro bus accident,2021-11-18,Kisoro,,,Gasheregenyi trading center,6.0,Kabale-Kisoro road,to Kisoro,from Kampala,bus,Bus,UAU,,overturned,Night
80,Kikuube LC5 councilor Nyakojo killed in fatal accident,2021-11-03,Kikuube,1.0,,Mairirwe trading center,7.0,Hoima-Kikuube-Fortportal ,,,,,,Tuesday,rammed into stationary  truck,Day
81,Over 30 traders injured in Buliisa road accident,2021-11-01,Buliisa,,morning,,11.0,Biiso-Butiaba-Wanseko road,to Buliisa,from Masindi,Fuso lorry,Truck,UAP,,overturned,Day
82,"Five perish in Luweero, Nakasongola motor accidents",2021-10-18,Nakasongola,5.0,reckless driving.,Kyankonwa village,6.0,Kampala-Gulu ,to Kampala City,,Sunday October,Private cars,UAZ,Saturday,head on collision,Night
83,Three people perish in Rwampara road accident,2021-10-14,Rwampara,3.0,indicating,Rwemiyenje Village,6.0,Mbarara-Kabale Highway,to Ntungamo District,from Mbarara,Toyota Carina,Private cars,UAV,Thursday,rammed other vehicle,Night
84,Two cattle traders perish in Sembabule road accident,2021-10-04,Sembabule,2.0,speeding,,6.0,,to Kazo,,,,,,head on collision,Night
85,"Police patrol car crashes pursuing 'errant' motorist, six officers injured",2021-10-01,Masaka City,,speeding,Kidda Village,6.0,,,,,,,,,Night
86,"Fuso truck rams into parked car, motorcycle killing two",2021-11-06,Mukono,2.0,,,8.0,,,,Fuso truck,Truck,UBG,Saturday,crahed motorcycle,Day
87,Mbale veterinary doctor dies in motor accident,2021-12-21,Mbale,1.0,speeding,Nakaloke trading centre,20.0,Mbale-Soroti Road,,,bus,Bus,UAJ,,crahed motorcycle,Night
88,UPDF Brigadier's child killed by reversing car,2021-12-20,Masaka City,1.0,reversing,Nyendo -Mukungwe constituency,8.0,Kabale - Bugonzi Village,to Kampala.,,,,,Sunday,,Day
89,Woman killed in hit and run in Mukono,2021-12-19,Mukono,1.0,speeding,UCC Church,0.0,Kampala - Jinja,to Mukono,from Kampala,,,,,knocked pedestrian,Night
90,"UPDF driver at large after knocking mother, daughter dead",2021-12-17,Mbale,2.0,speeding,Bugema army,12.0,Mbale-Tororo road,"motorcyclist,‚ÄùMr Taitika",,,,,Friday,knocked pedestrian,Day
91,Three dead after boda boda collides with car in Oyam,2021-12-13,Oyam,3.0,speeding,Amati Trading Centre,15.0,Gulu-Kampala highway,towards Karuma,,,,,Sunday,crahed motorcycle,Day
92,Two prisoners killed in Lwengo motor accident,2021-12-08,Lyantonde,2.0,,Katovu,7.0,,,,Toyota Wish,Private cars,,Wednesday,overturned,Day
93,Man dies in Pallisa road accident,2021-12-06,Pallisa hospital,1.0,,Pallisa,,Pallisa-Kamonkoli,,,Sylivia Nabulega,Private cars,UAX,,overturned,Day
94,11 injured in Bududa road accident,2021-12-30,Bududa,,,Women's corner stage,6.0,Bududa-Mbale highway,to Kiryandongo ,from Bududa,Fuso truck,Truck,UAW,,overturned,Night
95,Mother-to-be killed in Sembabule truck accident on Christmas,2021-12-26,Kibuku,1.0,,Banda Trading centre,17.0,Bulakati-Nyange trading centre,,,truck,Truck,UAN,,knocked pedestrian,Day
96,Three relatives perish in road accident,2021-13-26,Oyam,3.0,Three,Kamdini,12.0,Gulu-Kampala highway,,,motorcycle,Private cars,UEH,Sunday,crahed motorcycle,Day
97,"Kiryandongo bus accident claims one, dozens injured",2021-12-24,Kiryandongo,1.0,,Masindi Port,20.0,Kampala-Gulu highway,to Adjumani,from Kampala,bus they,Bus,UAT,Thursday,overturned,Night
98,Six dead as two buses collide in Ntungamo,2022-12-30,Ntumgamo,6.0,reckless driving by the driver of Volcano bus,Rwahi village,4.0,Ntungamo-Kabale ,to Kabale,from Kigali,,,RAD,Friday,head on collision,Night
99,Three killed in Buloba multi-car crash,2022-12-30,Kampala,3.0,,Forest Park,14.0,Kampala-Mityana Road,to Mityana District,from Kampala,Toyota Wish,Private cars,,Friday,rammed other vehicle,Day
100,Catholic priest killed in Mpigi road accident,2022-12-30,Mpigi,1.0,,Senene village,10.0,,Vice Rector,,Toyota Harrier,Private cars,,Thursday,overturned,Day
101,"10 dead, 13 injured in Masaka-Mbarara road crash",2022-12-29,Lwengo,10.0,rear tyre burst,Nauni Robert,19.0,Masaka - Mbarara highway,to Mbarara,,Mercedes Benz Actros trailer,Truck,RAF,Wednesday,rammed other vehicle,Night
102,"Five dead, five injured in Kampala-Masaka road crash",2022-12-26,Mpigi,5.0,,Kibukuta Swamp,7.0,Kampala-Masaka highway,to Masaka District,from Kampala,Toyota Hiace taxi,Commuter taxi,UBM,,overturned,Day
103,Lorry driver arrested after hitting CDF‚Äôs car - UPDF,2022-12-23,Kampala,,lorry driver knocked,Spear Motors Junction,23.0,Nakawa-Ntinda Road,,from Kinawataka,truck,Truck,,Friday,rammed other vehicle,Night
104,Four killed in Kampala-Masaka road crash,2022-12-19,Mpigi,4.0,careless driving by the driver of the Fielder,Nabusanke Trading Centre,11.0,Kampala-Masaka ,to Mbarara,from Kampala,Toyota Corolla Fielder,Private cars,UAW,Sunday,head on collision,Day
105,"Serere MP, wife die in Mbale-Tirinyi road crash",2022-12-19,Budaka,2.0,,Naboa town council,7.0,Mbale-Iganga ,to Kampala,from Mbale,Isuzu Fuso truck,Truck,UBK,Monday,head on collision,Day
106,"Two dead, 10 injured in Kampala-Gulu road crash",2022-12-16,Nakasongola,2.0,,,5.0,Kampala-Gulu ,to Kampala while,from Gulu,bus,Bus,,Friday,head on collision,Night
107,Two traffic officers among 7 killed in four separate road crashes in Uganda,2022-12-16,Maracha,7.0,speeding,Busaku village,21.0,Kampala-Hoima road,to death,from Soroti,,,UAV,Thursday,knocked pedestrian,Night
108,Traffic officer among three killed in Lira road crash,2022-12-15,Lira,3.0,,Adwila,6.0,Lira-Soroti highway,to death,from Soroti,Ford Ranger,Private cars,PC ,Thursday,,Night
109,"Two dead, five injured after trucks collide in Maracha",2022-12-15,Maracha,2.0,slow down to,,6.0,Arua-Koboko ,Arua City,from Koboko District,truck,Truck,,,head on collision,Night
110,"Two police officers dead, 11 injured as patrol car overturns in Gulu",2022-12-13,Gulu,2.0,,Paicho Trading Centre,21.0,Gulu-Kitgum ,. Jacob Odong,,vehicle they,Private cars,,Monday,head on collision,Night
111,One dead as fuel tanker bursts into flames in Tororo,2022-12-13,Tororo,1.0,lost balance.,Tororo,9.0,,to Kampala,,fuel tanker,Truck,,Tuesday,overturned,Day
112,"Six dead, 11 injured as cement truck rams into taxi along Jinja-Kampala highway",2022-12-06,Buikwe,6.0,speeding,,13.0,Jinja-Kampala highway,towards Mbale,from Kampala,Fuso truck,Truck,,Tuesday,rammed other vehicle,Day
113,"Police probe car crash at mayor Lukwago‚Äôs home, driver arrested",2022-12-04,Kampala,,reckless driver of this Subaru,,7.0,,,,,,UAJ,Sunday,rammed into house,Day
114,"One killed, two injured in Kafu accident",2022-11-21,Kibaale,1.0,,Kafu ,5.0,Gulu-Kampala highway,to Kampala,from Omoro,,,,Sunday,overturned,Night
115,"LDC student killed in another boda boda, trailer crash",2022-11-03,Kampala,1.0,reckless boda boda riders.,Makerere,2.0,,,From October,Mercedes Benz trailer,Truck,LDC,LDC,crahed motorcycle,Night
116,Six people killed in Yumbe accident,2022-11-03,Yumbe,6.0,lost control,,6.0,,,,Fuso truck,Truck,,,overturned,Night
117,Two children from same family killed in Dokolo accident,2022-11-01,Dokolo,2.0,,Atwoma swamp,15.0,,to Mombasa.,from Juba,trailer truck,Truck,SSD,,knocked pedestrian,Day
118,"Eight dead, scores injured as truck carrying vendors rams into building",2022-11-01,Gulu,8.0,,,21.0,Opwonya-Walter Road,,,Mitsubishi Fuso Canter truck,Truck,,,rammed into house,Night
119,Police speak out on Northern Bypass fatal accident,2022-11-07,Wakiso,1.0,,Nansana,12.0,Northern bypass,,,Northern Bypass,Private cars,UAQ,,crahed motorcycle,Day
120,"Baby Coach, boda boda accident leaves 1 dead in Fort Portal",2022-11-12,Fort Portal,1.0,,Kichamba trading center,7.0,Fort Portal- Kasese road,,,Boda,Bus,UAU,Saturday,crahed motorcycle,Day
121,"Minister‚Äôs daughter, policeman killed in two separate Kampala road crashes",2022-10-30,Kampala,1.0,1920hrs,Bwaise,19.0,Ntinda - Stretcher Road.,to Naguru Hospital,,trailer,Truck,UAM,Friday,crahed motorcycle,Night
122,"Five dead, seven injured as another truck rams into boda boda riders in Rubaga",2022-10-27,Kampala,5.0,,Kabuusu,8.0,Soroti - Mbale highway,to Kibuku,,truck,Truck,,Thursday,crahed motorcycle,Day
123,"5 dead, 7 injured after truck transporting cattle crashes on Soroti ‚ÄìMbale highway",2022-10-27,Soroti,5.0,reckless driving.,River Awoja.,9.0,Soroti - Mbale highway,to Kibuku,,Fuso truck,Truck,,Wednesday,overturned,Day
124,Galaxy radio boss dies in Entebbe expressway crash,2022-10-23,Kampala,1.0,speeding,Kilometer 10,9.0,Entebbe-Kampala Expressway,,overtake MV UG,Toyota Hilux,Private cars,UG ,Saturday,overturned,Day
125,"One dead, driver in critical condition after car bursts into flames",2022-10-21,Kiruhura,1.0,reckless driving or the vehicle,Sanga town council,3.0,Masaka-Mbarara highway,,,,,UAX,Friday,burst into flames,Night
126,Police name two men killed in Sheema road crash,2022-10-21,Sheema,2.0,speeding,Kitojo,6.0,Mbarara-Kasese Road,Mbarara City,,Toyota Hiace,Commuter taxi,,Friday,rammed into stationary  truck,Night
127,Four kadodi dancers knocked dead in Njeru,2022-10-20,Buikwe,4.0,speeding,Kafunta Trading Centre.,20.0,Katosi-Nyenga Highway.,,,,,UAG,Wednesday,knocked pedestrian,Night
128,Two mourners killed in hit-and-run on Sembabule- Masaka road,2022-10-13,Sembabule,2.0,speeding,Lwemirondo Village,5.0,Sembabule-Bukomansimbi- Masaka road,to Kikoma,,,,,,head on collision,Night
129,Another Jinja pastor dies in road crash,2022-10-02,Jinja City,1.0,speeding,Bufulubi trading Centre,7.0,Musita - Majanji road,to Jinja,,Jinja Cristian leaders,Commuter taxi,,Saturday,crahed motorcycle,Day
130,Two Jinja pastors perish in road crash while returning from burial,2022-09-20,Mayuge,2.0,over speed,Jinja South East Division,20.0,Walukuba-Masese,,from Lumino,,,,Saturday,rammed into stationary  truck,Night
131,Three injured in Northern bypass crash involving Museveni‚Äôs motorcade,2022-09-12,Presidential Protection Unit,3.0,,,11.0,Northern bypass,,,Northern Bypass.,Government,,Monday,crahed motorcycle,Day
132,"Two killed, two injured in Masaka road crash",2022-09-09,Masaka,2.0,speeding,Kijjabwemi trading centre,19.0,Kampala - Masaka,,from Masaka Central,Toyota Premio knocked a,Private cars,,Thursday,crahed motorcycle,Night
133,"Two dead, several injured as truck rams into kadodi dancers",2022-09-04,Bulambuli,2.0,speeding,,10.0,Nabbongo - Kapchorwa road,,,Sino truck,Truck,UAZ,Saturday,knocked pedestrian,Day
134,Three perish in Mayuge road accident,2022-09-19,Mayuge,3.0,,Bufulubi trading Centre,5.0,Musita-Lumino ,to Jinja Regional Referral Hospital,,Toyota Caldina,Private cars,UAG,Sunday,rammed into stationary  truck,Night
135,Four Kotido LC3 Chairpersons in accident,2022-09-04,Kotido,,this driver has,,16.0,Moroto - Kotido,to Kotido,from Moroto district,Toyota vehicle,Private cars,URN,,overturned,Day
136,Masaka road claims another life in less than a week,2022-09-27,Mpigi,1.0,speeding,Kavule swamp,6.0,Kampala-Masaka highway,to Masaka,from 1146-,Toyota Ipsum,Private cars,,,crahed motorcycle,Night
137,"Three perish, four injured in Mabira road accident",2022-08-26,Buikwe,3.0,night,Mabira Forest,21.0,Kampala - Jinja,,,Toyota Hiace,Commuter taxi,UBL,Thursday,rammed other vehicle,Night
138,"Teacher, family killed in Ntungamo accident",2022-08-22,Ntugamo,4.0,"reckless, he ran",Omunshenyi,19.0,Ntungamo-Kabale ,,,Toyota Noah,Private cars,UAY,Sunday,head on collision,Night
139,13 market vendors perish in Amuria road accident,2022-08-22,Amuria,13.0,truck driver lost,Alomayin swamp,8.0,Wera-Asamuk Road,,,Fuso truck,Truck,,Monday,overturned,Day
140,Two knocked dead after overnight prayers in Jinja,2022-07-30,Jinja City,2.0,speeding,Kyabazinga Stadium,5.0,,,,,,Uga,Saturday,knocked pedestrian,Night
141,Patient dies after ambulance overturns en route to Mulago hospital,2022-07-24,Kasese,1.0,a tyre burst,Kyegegwa hospital.,13.0,Kyegegwa-Mubende road,to Fort Portal city,from Kampala,,,,Sunday,overturned,Day
142,Five perish in Bulambuli road accident,2022-07-20,Bulambuli District.,5.0,speeding,Buyaga Trading Centre,23.0,Muyembe-Health center IV for,,,,,,Tuesday,knocked pedestrian,Night
143,Four children killed after car ploughs into eight juveniles,2022-07-16,Sembabule,4.0,speeding,Winnie Namata,6.0,Sembabule-Gomba road,towards Gomba District,from Sembabule,Toyota Wish,Private cars,Joa,Saturday,knocked pedestrian,Night
144,"Police officer, his wife and two children among six killed in Masaka road crash",2022-07-16,Maria Gorreti,6.0,recklessness driving on,Kyalusowe swamp,4.0,Kampala-Masaka ,,,Toyota Wish,Private cars,,Saturday,head on collision,Night
145,Three killed in Oyam motor accident,2022-07-13,Oyam,3.0,,Nora Trading Centre,19.0,Kampala-Gulu,towards Kamdini Town Council,,Fuso Mitsubishi Truck,Truck,UBD,Wednesday,head on collision,Night
146,Three perish in Jinja-Iganga Highway accident,2022-07-13,Bugiri,3.0,,Kakira junction,6.0,Jinja-Iganga ,to Kampala.,,trailer,Truck,UET,Tuesday,head on collision,Night
147,60 pupils survive road crash after school bus rams into truck in Mpigi,2022-07-12,Masaka City,,6am,Jinja,6.0,Kampala-Masaka ,Jinja City,,,,,Tuesday,rammed into stationary  truck,Night
148,Student dies in train accident 19 days to her LDC graduation,2022-07-12,Kampala,1.0,,LDC student,4.0,,,from Namanve,,,Uga,Sunday,rammed other vehicle,Night
149,Nine killed in Kampala-Gulu Highway crash,2022-07-10,Luwero,9.0,,Sinalya village,3.0,Kampala-Gulu ,to Gulu,from Kampala,commuter,Commuter taxi,UBD,,head on collision,Night
150,Four students die in Hoima road crash,2022-07-04,Masindi,4.0,reckless driver who,Kyamukunjuki trading center,7.0,Hoima-Kaiso-Tonya road,,from Kabale District,,,USA,,overturned,Day
151,"Nile High School boss, boda boda rider killed in Masaka road crash",2022-07-03,Masaka ,2.0,reaching Nkozi Hospital,Lweera when,6.0,Masaka-Kampala road,to Kampala.,from Masaka,,,,Sunday,crahed motorcycle,Night
152,Crime Intelligence Officer and family die in road crash,2022-07-17,Masaka,5.0,speeding,Katwe has,4.0,Kampala-Masaka,Metropolitan South,,Toyota Wish,Private cars,UBE,Saturday,head on collision,Night
153,Three perish in accident at Kakira junction,2022-07-13,Bugiri,3.0,,Uganda National Roads Authority-UNRA to devise,18.0,Jinja-Iganga ,to Kampala.,,motorcycle,motorcycle,UET,Tuesday,head on collision,Day
154,"Nine dead, five injured in Luwero road accident",2022-07-10,Luwero,9.0,,Sinalya village,15.0,Kampala-Gulu ,to Gulu,from Kampala,commuter taxi,Commuter taxi,UBD,Saturday,head on collision,Day
155,Four dead in Hoima road accident,2022-07-04,Hoima,4.0,,Kyamukunjuki trading centre,6.0,Hoima-Kaiso-Tonya road,to Hoima.,,Toyota Wish,Private cars,UDW,,crahed motorcycle,Night
156,Mbale hospital overwhelmed after Bukedea bus accident,2022-06-15,Bukdea,3.0,,Opiko stage,10.0,Mbale-Soroti,to Soroti,from Kampala,Isuzu Coach UAR 293M,Truck,UAH,Tuesday,head on collision,Day
157,Relatives storm Mulago after Nile Avenue taxi crash,2022-06-12,Kampala,2.0,,Nile avenue,19.0,Nile avenue,,from Muyenga Bukasa,taxi,Commuter taxi,UAW,Saturday,,Night
158,Five prisoners die in Luweero road accident,2022-05-30,Butuntumula Central Prisons facility,5.0,,Nalongo Village,6.0,Kampala-Gulu highway,,,Prisons truck,Truck,UBG,,,Night
159,Three family members among 5 killed in Kyegegwa taxi crash,2022-05-27,Kyegegwa District are,5.0,lost control,Kyasitiri,,"Kyenjojo_Kyegegwa highway.

",to Kampala,from Bunyangabu District,taxi,Commuter taxi,,Thursday,overturned,Day
160,Four critically injured after falling off army truck ferrying voters in Omoro,2022-05-26,Omoro,,,,14.0,,,,truck.,Truck,,Thursday,fell off a car,Day
161,Female pilgrim‚Äôs life cut short by speeding vehicle,2022-05-24,Kiruhura,1.0,speeding,Kageti,16.0,,,,,,,Wednesday,knocked pedestrian,Day
162,"URSB staff, cousin die after car rams into sugarcane truck",2022-05-24,Bugweri,2.0,speeding,Butongole village,5.0,Kampala-Jinja,,,Toyota Landcrusier,Private cars,UAL,Monday,rammed into stationary  truck,Night
163,"Kawempe councilor dies en route to Omoro, five injured",2022-05-21,Kampala,1.0,ongoing campaigns,Lalogi Town Council,20.0,Pallisa -Kumi road.,to Omoro District,from Iganga District,,,,Saturday,overturned,Night
164,Two family members perish in Budaka road accident,2022-05-21,Budaka,2.0,reckless drivers and those without valid driving permits especially,,6.0,Iki-Iki Village,,,Toyota Mark X,Private cars,ASP,Saturday,crahed motorcycle,Night
165,"Three dead, scores injured as Kampala-bound taxi overturns in Nakasongola",2022-05-17,Nakasongola,3.0,lost control,Migyera,,Kampala-bound passenger,to Kampala,from Masindi,Toyota Hiace,Commuter taxi,UAX,,overturned,Day
166,"13 dead, scores injured in two separate road crashes in Bukomansimbi, Masindi",2022-05-14,Bukomansimbi,13.0,lost control,Ikoba junction,12.0,Masaka - Sembabule road,,from Kinywamurara Camp-,Fuso truck,Truck,,Saturday,overturned,Day
167,Five killed as lorry carrying casual workers overturns in Masindi,2022-05-14,Masindi,5.0,,Ikoba junction,6.0,Masindi-Hoima road,,from Kinywamurara Camp-,lorry they,Truck,,Saturday,overturned,Night
168,Three people killed in Boda Boda accident in Kassanda,2022-05-11,Kassanda,3.0,,Kagaba,6.0,Bukuya-Rubali ,,,,,,Tuesday,head on collision,Night
169,20 dead after Kampala-bound bus overturns in Fort Portal,2022-05-04,Fort Portal,20.0,,Ssebitoli,10.0,Kampala-bound bus,to Kampala,from Fort Portal city,Bus,Bus,UBA,Wednesday,overturned,Day
170,Medical fraternity mourns doctor killed in Nakawa boda accident,2022-05-29,Kampala,1.0,lost control hit her,Spear,18.0,Boda-Bodas were,,from town,commuter taxi,Commuter taxi,UAW,Friday,,Day
171,"Kasese ambulance catches fire, killing 2 passengers",2022-05-11,Bunayangabu,2.0,,,6.0,Fort Portal-Kasese road,towards Fort portal,from Kasese,truck,Truck,,,burst into flames,Night
172,"Two dead, several injured in Mpigi accident",2022-04-27,Mpigi,2.0,,,5.0,Kampala-Masaka ,to Kampala,from Bushenyi,Fuso truck,Truck,URN,Wednesday,head on collision,Night
173,Dutch woman killed in Karamoja accident,2022-03-27,Kotido,1.0,high,Panyangara trading centre,17.0,Kotido-Moroto highway,,from Kidepo,,,URN,,overturned,Day
174,"Two dead, 13 injured in Lira road accident",2022-04-24,Lira,2.0,speeding,,,Lira-Kitgum road,to Lira City,,Fuso truck,Truck,,Saturday,overturned,Day
175,"Four dead, six injured in Easter Sunday night accident in Mpigi",2022-04-18,Mpigi,4.0,,Owamatovu Village,19.0,Kampala-Masaka,to Masaka.,from Masaka,Toyota Premio,Private cars,,Sunday,head on collision,Night
176,Two hospitalised as fuel tanker explodes,2022-04-14,Kabale,,,Kirengere,11.0,Ntungamo-Kabale highway,to Kabale,from Kampala,fuel tanker,Truck,,Thursday,overturned,Day
177,"Two killed, four others injured in Mbale accident",2022-04-14,Mbale,2.0,reckless driving by the truck driver.,Bungokho trading centre,19.0,Mbale-Tororo highway.,,,Fuso truck,Truck,ASP,Wednesday,crahed motorcycle,Night
178,Kampala ‚Äì Gulu road crash claims two,2022-03-14,Luweero,2.0,,Lukomera village,3.0,Kampala-Gulu ,to Juba,from Arua,bus,Bus,,Monday,head on collision,Night
179,Budding lawyer's life cut short in road crash en route from celebrating 30th birthday,2022-03-02,Masaka,1.0,,Masaka,15.0,Kampala - Masaka,to Kampala,from Masaka City,,,Uga,Sunday,overturned,Day
180,"Two dead, 20 injured in Luwero accident",2022-03-14,Luwero,2.0,truck driver lost,South Sudan.,3.0,Kampala-Gulu ,to Kampala,from Arua city,Baby Coach bus,Bus,UBG,Monday,head on collision,Night
181,Lamwo RDC hospitalized following accident along Gulu-Kitgum highway,2022-02-13,Gulu,,,Lapuda trading centre,10.0,Gulu-Kitgum highway,to Lamwo district,from Gulu,Toyota double cabin,Private cars,UG ,Saturday,overturned,Day
182,Two killed after falling off bus carrying Arua football team,2022-01-27,Mvara Football Club,2.0,,,13.0,Wadlai-Pakwach route,,from Pakwach town,bus,Bus,,Thursday,fell off a car,Day
183,Two UPDF soldiers perish in Tororo accident,2022-01-30,Tororo,2.0,speeding,Tororo,6.0,,,,trailer,Truck,KCB,,rammed other vehicle,Night
184,20 students from Hoima school of nursing injured in motor accident,2022-01-24,Kikuube,,,Nyarongo village,6.0,Kibaale-Pacwa road,,,school bus,Bus,UAY,,overturned,Night
185,"7 dead, scores injured in Agali road accident",2022-01-11,Lira,7.0,lost control,Piiawac,20.0,Abako-Lira road,,from Ajuri,Fuso truck,Truck,UBJ,Monday,overturned,Night
186,Three killed in Kasese boda boda accident,2022-01-03,Kasese municipality,3.0,handed over to,,6.0,Kilembe road,,from a,motorcycle,Boda,URN,Sunday,head on collision,Night
187,"School van driver knocks parent dead, goes into hiding",2022-01-27,Kyotera,1.0,recklessly,Master Cares Christian School,7.0,Kyotera road,,,,,,Tuesday,crahed motorcycle,Day
188,"Driver, turnboy perish in Buikwe road accident",2022-01-24,Buikwe,2.0,,Lugalambo,4.0,,to Jinja,from Kampala,truck,Truck,,Monday,rammed into stationary  truck,Night
189,Kayunga archdeacon dies in road accident,2022-01-24,Kayunga,1.0,speeding,Buloba Village,23.0,Kayunga-Jinja highway,,from Buikwe District,bus,Bus,,Sunday,crahed motorcycle,Night
190,Six killed after taxi rams into family members waving at guest,2022-01-21,Pakwach,6.0,reckless driving and over-speeding,,21.0,Nebbi-Pakwach Highway,for Kampala,from Zombo District,taxi,Commuter taxi,UBG,Thursday,overturned,Night
191,"Vehicle knocks Primary Six pupil dead, injures 5 in Kamuli",2022-01-19,Mayuge,6.0,speeding,Wabulongo,17.0,"Kiyunga-Bukakande,",to Kamuli,from Jinja,,,UAL,Tuesday,knocked pedestrian,Day
192,Police name victims of grisly Nakasongola road carnage,2022-01-16,Nakasongola,7.0,14,Kyampisi village,21.0,Kampala-Gulu ,to Kampala City,Nakaseke,taxi,Commuter taxi,,Saturday,rammed into stationary  truck,Night
193,How nine people perished in Lira accident,2022-01-12,Lira,9.0,"reckless driving, overloading and speeding.",,18.0,Pii-awac swamp,to Ajuri,,Fuso truck,Truck,,Monday,overturned,Day
194,Four dead after truck knocks two motorcycles in Bundibugyo,2022-01-12,Bundibugyo,4.0,lost control,,6.0,Bundibugyo - Fort portal ,Bundibugyo town,from Nyahuka town,truck,Truck,,Tuesday,crahed motorcycle,Night
195,"Seven dead, scores injured in Lira road accident",2022-01-11,Lira,7.0,"reckless driving,",Piiawac,20.0,Abako-Lira road,seven traders were killed,,Fuso truck,Truck,,Monday,overturned,Night
196,"One dead, four injured as car overturns along Mbale-Tirinyi road",2022-01-04,Budaka,1.0,, Lupada village,15.0,Mbale-Tirinyi road,,from Mbale City,Rogers Gesa,Private cars,,,overturned,Day
197,Three perish in Mabira Forest road accident,2022-01-02,Buikwe,3.0,,Najjembe Trading Centre,6.0,Kampala -Jinja,to Kampala,from Jinja City,,,UAL,January,rammed into stationary  truck,Night
198,Truck knocks dead roadside fuel vendor in Kamuli,2023-12-21,Kamuli,1.0,,Kiyunga Village,14.0,Kamuli-Jinja Highway,,,truck,Truck,UBN,Wednesday,knocked pedestrian,Day
199,Four dead after trucks collide in Sheema,2023-12-20,Mbarara,4.0,reckless driving.‚Äù,,10.0,Kinaaku-Kyenkokora in,to Mbarara,from Bushenyi,Toyota Fielder,Private cars,,Tuesday,head on collision,Day
200,"One killed, 57 injured as bus overturns on Kampala‚ÄìMasaka Highway",2023-12-08,Masaka City,1.0,moving at high speed,,6.0,Kabale-Bugonzi Village,to Mbarara City,from Kampala,bus,Bus,,,overturned,Night
201,"Two dead, three injured after truck rams into 10 cars at Namboole",2023-12-07,Courtesy pic.twitter.com/CwZ0UkcdXv,2.0,,Namboole,20.0,Namboole,to Kampala,,trailer,Truck,,Thursday,rammed other vehicle,Night
202,Engineer dies day after Okuhingira,2023-12-04,Kisoro,1.0,vehicles driving on,Kahunga trading center,13.0,Ntungamo-Mbarara ,to drive,from Mbarara,Subaru Forester - taxi,Commuter taxi,UBP,Sunday,head on collision,Day
203,Four die in car accident,2023-12-04,Nakapiripirit,4.0,speeding,,6.0,Nakapiripirit - Mbale road,,from Mbale District,Isuzu FSR,Truck,,Seven,overturned,Night
204,Family of 5 killed in car accident at known black spot,2023-12-27,Kapchorwa,5.0,,Towei slope,,Bulambuli-Kapchorwa road,to Kampala,from Bukwo district,taxi,Commuter taxi,UBD,Tuesday,overturned,Day
205,"Indian national knocks UWA warden dead, arrested",2023-12-04,Bulisa,1.0,careless driving.,Francis,6.0,,,,Toyota Wish,Private cars,UBG,Tuesday,head on collision,Night
206,6 dead after car rams into Busoga royal wedding roadside viewers,2023-11-18,Jinja City,6.0,,Kyabazinga William Gabula Nadiope IV,6.0,Kamuli-Jinja road,to Kamuli,from Jinja,Toyota super,Private cars,,,knocked pedestrian,Night
207,Angry residents block Fort Portal-Kampala road after one dies in accident,2023-11-12,Kyegegwa District.,1.0,,Katente,9.0,Fort Portal-Kampala road,to Fort Portal,from Kampala,Fuso truck,Truck,,Saturday,overturned,Day
208,15 people die in two separate Iganga-Jinja road crashes,2023-11-04,Mayuge,15.0,reckless driving.,Musita trading centre,23.0,Kampala-Jinja ,to Kampala,from Jinja,taxi,Commuter taxi,UBE,Friday,rammed into stationary  truck,Night
209,Ten critically injured as truck rams into Gulu fuel station,2023-10-31,Jinja  ,,morning,Customs Corner Roundabout,6.0,Gulu-Juba Highway.,,,Fuso truck,Truck,,Tuesday,rammed into house,Night
210,Six killed in Masindi accident,2023-10-19,Masindi,6.0,,Murchison Falls National Park,22.0,Masindi-Pakwach road,headed for Pakwach,from Kampala,Isuzu Truck,Truck,,Wednesday,overturned,Night
211,Professor Ogenga Latigo survives another accident,2023-10-01,Nakasongola,,,Lubenge swamp,23.0,Kampala-Gulu ,to Kampala city,from Masindi,Mercedes Benz,Truck,UBG,Saturday,rammed into stationary  truck,Night
212,TV engineer killed in a road crash,2023-10-01,Wakiso,1.0,,Nabbingo,8.0,Kampala-Masaka highway,,,Fuso truck,Truck,UBA,Tuesday,crahed motorcycle,Day
213,Driver arrested after truck rams into Uganda's oldest hotel,2023-10-27,Masindi Central,,celebrate 100 years of what is,,3.0,,,,South Sudan-registered truck,Truck,,Friday,rammed into house,Night
214,"Two Kaberamaido crash victims miss UCE exams, others get transcribers",2023-10-16,Kaberamaido,2.0,High,,6.0,Soroti-Mbale ,,High School,Senior Four,Bus,,,rammed into stationary  truck,Night
215,"Two dead, 31 hospitalised as school bus rams into stationary truck",2023-09-28,Jinja City,2.0,High,Susan Alwedo,4.0,Soroti-Mbale ,,,bus ,Bus,UG ,Thursday,rammed into stationary  truck,Night
216,‚ÄòBishop‚Äô Musinguzi survives accident on way to drop school children,2023-09-19,Fort Portal,,,,6.0,,,,Toyota Hilux,Private cars,UAM,,,Night
217,ISINGIRO: Bus accident claims seven lives,2023-09-09,Isingiro,7.0,,Kyeirumba,19.0,Mbarara-Isingiro ,to Kikagate is,,truck.,Truck,UBG,,head on collision,Night
218,Juba-bound fuel tanker bursts into flames along Lira-Soroti road,2023-09-06,Lira City,,,Gwengabara,6.0,Lira-Soroti highway,to Juba,from Eldoret,fuel tanker,Truck,SSD,,overturned,Night
219,"NUP supporter dies, 10 others injured in convoy accident in Hoima",2023-09-12,Hoima,1.0,speeding,Mumpuda,18.0,Hoima-Buliisa road,,from Buhimba Town Council,,,,Monday,knocked pedestrian,Day
220,Seven people killed in Isingiro accident,2023-09-08,Isingiro District.,7.0,speeding,Kyeirumba trading centre,18.0,Insingiro-Mbarara,to Kikagate,from Mbarara,bus,Bus,,Friday,head on collision,Day
221,"One dead, 14 injured as Global bus overturns in Lwengo",2023-08-28,Lwengo,1.0,speeding,,11.0,Masaka-Mbarara Highway,to Mbarara,from Kampala,bus,Bus,,,overturned,Day
222,"Three dead, one injured in Kween accident",2023-08-23,Kween,3.0,speeding,,,Kapchorwa-Suam Highway.,to Kween District,,motorcycle,motorcycle,,Wednesday,rammed into house,Day
223,Ugandan driver burnt to ashes in fuel tanker explosion,2023-08-14,Anyavu Parish,1.0,started driving.,Nairobi,,,,,tanker,Truck,Uni,August,burst into flames,Day
224,"Eight dead, 68 injured in separate motor crashes",2023-08-14,Butambala,8.0,high speed,Myanzi Trading Central,3.0,Mpigi-Kanoni-Sembabule Road,to Kampala.,from Kigali,bus,Bus,UAY,,overturned,Night
225,Police officer knocked dead in Sheema,2023-08-13,Sheema,1.0,speeding,,12.0,Nangabo-Kasangati-Wakiso District,to Bushenyi,from Mbarara,Toyota Fielder,Private cars,UBH,,knocked pedestrian,Day
226,Manafwa accident: Police hunt for head teacher as 88 pupils are discharged,2023-08-11,Manafwa,,,Kufu trading centre,10.0,,,,Fuso truck,Truck,UBJ,Tuesday,overturned,Day
227,"One killed, six traders injured in Nebbi road crash",2023-08-06,Nebbi Distract,1.0,reckless driving.,,6.0,"Nebbi-Goli-Paidha.

",,from Paidha,Fuso lorry,Truck,,Sunday,overturned,Night
228,Two perish in Buikwe accident,2023-08-04,Buikwe,2.0,,Kitigoma village,5.0,Kampala-Jinja,towards Kampala,from Jinja,Fuso Fighter,Truck,,Friday,head on collision,Night
229,Mpigi residents torch truck for knocking two dead,2023-08-03,Mpigi,2.0,speeding,,8.0,Mabuye-Katende Village,,,truck had,Truck,UBF,,head on collision,Day
230,Four dead after Toyota Hiace crashes into stationary truck in Nakasongola,2023-08-15,Nakasongola,4.0,other,,11.0,Kampala-Gulu ,St. Franciscan Health Center,from Kampala,Toyota Hiace,Commuter taxi,UAM,Monday,rammed into stationary  truck,Day
231,Trailer-taxi accident leaves 15 dead on Fort Portal road,2023-07-17,Fort Portal,15.0,,Kyamutunzi village,21.0,Kagadi-Fort Portal ,towards Fort Portal,from Fort Portal,trailer,Truck,UAD,Sunday,head on collision,Night
232,Two people killed in Adjumani road accident,2023-07-16,Adjumani,2.0,,0000hrs,6.0,Adjumani-Awindiri ,,,Toyota land,Private cars,UEY,Saturday,head on collision,Night
233,Bus driver dies after crashing into stationary trailer,2023-07-12,Kyenjojo,1.0,,Mukunyu,19.0,Kampala-Fort Portal ,,,bus,Bus,,Tuesday,rammed into stationary  truck,Night
234,"Former MP Angiro Gutmoi, three others perish in road crash",2023-07-08,Good Luck Eric Jonathan,4.0,lost control,Ayago,6.0,Karuma-Pakwach highway.,to Nebbi,from Lira while,Toyota Noah,Private cars,UAW,,overturned,Night
235,"Truck tyres kill Tororo woman, granddaughter",2023-07-05,Tororo,2.0,,Ginnery,,Tororo-Mbale road,,,truck,Truck,,Tuesday,knocked pedestrian,Day
236,Altezza driver dies in Namanve crash,2023-07-09,Mukono,1.0,speeding,,4.0,Kampala-Jinja ,towards Mukono,from Kampala,Toyota Altezza,Private cars,UAW,Sunday,rammed into stationary  truck,Night
237,Dokolo road crash claims Lango‚Äôs finest Art teacher,2023-07-18,Dokolo,1.0,,,13.0,Dokolo-Lira highway.,,,taxi,Commuter taxi,,Sunday,,Day
238,"One dead, several injured after taxi tyre burst in Dokolo",2023-07-16,Dokolo,1.0,tyre burst,,14.0,Dokolo-Lira Highway,to Lira City,from Mbale City,taxi,Commuter taxi,,Sunday,overturned,Day
239,Businessman Aponye dies in car crash,2023-07-06,Ntungamo,1.0,,Itojo,23.0,Mbarara-Kabale ,,,prado,Private cars,,Thursday,rammed into stationary  truck,Night
240,Two dead after truck rams into Kanungu home,2023-06-29,Kanungu,2.0,,Kishaka Cell,11.0,,,,truck,Truck,,Wednesday,rammed into house,Day
241,Three die after Kampala-bound bus collides with Kigali-bound saloon car,2023-06-23,Kabale,3.0,reckless driving.,,22.0,Kampala-bound ,to Kampala,from Kigali,Mercedes Benz,Truck,,Thursday,head on collision,Night
242,Kabale University student knocked dead by speeding car,2023-06-12,Kabale,1.0,speeding,Kitumba Trading Center,12.0,Kabale-Katuna Road,to Kabale Municipality,from Katuna,Toyota Premio,Private cars,,Monday,knocked pedestrian,Day
243,Two killed in Budaka accident,2023-06-09,Budaka,2.0,,Nankone village,9.0,Iganga-Mbale,to Mbale,from Tirinyi,fuel tanker,Truck,,Friday,head on collision,Day
244,Rubanda primary teacher dies in motorcycle crash,2023-06-05,Rubanda,1.0,,Hamuhambo Town Council,6.0,,,,,,,,head on collision,Night
245,Kenyan truck knocks S4 student dead in Mpigi,2023-06-02,Masaka City,1.0,speeding,Nakirebe Village,7.0,Kampala-Masaka Highway,towards Kampala City,,Senior Four,Truck,,Nairobi,knocked pedestrian,Day
246,Five killed in Nakasongola road crash involving bus,2023-06-02,Nakasongola,5.0,speeding bus,Migyeera Village,4.0,Kampala-Gulu ,,from Arua City,bus,Bus,,Friday,head on collision,Night
247,Two pilgrims knocked dead along Kampala-Masaka Highway,2023-06-01,Masaka Diocese,2.0,,,3.0,Kampala-Masaka Highway,to Kampala,,Isuzu bus,Bus,,Thursday,knocked pedestrian,Night
248,Truck plunges into River Nile at Karuma,2023-06-20,Karuma Bridge,2.0,,Karuma Bridge,6.0,,to Kampala,from Gulu lost,truck,Truck,URN,,Plunged into Karuma,Night
249,MARACHA: Speeding vehicle knocks S4 student dead,2023-06-11,Maracha,1.0,speeding,Nyoro trading center,6.0,Maracha High Secondary School,towards Koboko town,from Arua city,Senior Four,Private cars,UBK,Saturday,,Night
250,"Five dead, scores injured on Kampala-Gulu highway crash",2023-06-02,Nakasongola Health,5.0,broken down in the night.,,5.0,Kampala- Gulu ,to Kampala City,,bus,Bus,UBB,,rammed into stationary  truck,Night
251,"One dead, four injured after car tyre burst in Bushenyi",2023-05-30,Bushenyi,1.0,car tyre burst,Akayembe Trading Centre,17.0,Ishaka-Kasese Highway,,from Katerera,Toyota Hiace,Commuter taxi,,Tumusiime,overturned,Day
252,Seven injured after garbage truck rams into pilgrims in Jinja,2023-05-27,Bugiri District.,,,Jinja Central,12.0,Mailo-Bili while,,from Busowa Catholic,truck,Truck,,Seven,knocked pedestrian,Day
253,"Four dead, eight injured in Mbale-Soroti road crash",2023-05-27,Bukedea,4.0,speeding,,18.0,Mbale-Soroti Highway.,"17,443 in 2021 to",,Toyota Hiace,Commuter taxi,,Thursday,overturned,Day
254,Two killed in Acacia road junction crash,2023-05-26,Kampala,2.0,speeding,,1.0,Acacia-Kayunga road,,,Toyota Mark,Private cars,,Friday,crahed motorcycle,Night
255,"YY Bus driver, 2 others killed in Mbale-Tirinyi road crash",2023-05-18,Kibuku,2.0,reckless drivers and those without valid driving permits especially,,23.0,Mbale-Tirinyi Highway,to Mbale,from Kampala,bus,Bus,,,overturned,Night
256,Kyankwanzi LCV boss survives Hoima ‚ÄìKampala road crash,2023-05-17,Kyankwanzi,1.0,,Nakasero hospital,20.0,Hoima-Kampala ,,,truck had,Truck,UAL,Tuesday,rammed into stationary  truck,Night
257,Col Engola‚Äôs in-laws perish in road crash,2023-05-15,Oyam,2.0,,Ayago,6.0,,to Arua Regional Referral Hospital,from Oluko Ward,truck,Truck,,Saturday,,Night
258,"One dead, seven injured in Sheema accident",2023-05-10,Sheema,1.0,,Kooga,7.0,Mbarara-Kasese highway,towards Kasese,from Rukungiri District.,taxi,Commuter taxi,,Tuesday,overturned,Day
259,Three injured in Link bus accident,2023-05-05,Kassanda,1.0,bus driver tried,Katosi village,9.0,Fort Portal- Kampala highway,to Kampala,from Kagadi,bus they,Bus,,Friday,overturned,Day
260,"Two killed, three injured in Mityana road crash",2023-05-02,Mityana municipality,2.0,,,0.0,Mityana-Mubende ,to,from Naama,Peugeot car,Private cars,,Tuesday,head on collision,Night
261,"Accident involving four vehicles leaves six injured, trailer carrying beer overturns",2023-05-22,Nakasongola has,,,Namayonjo village,17.0,Kampala-Gulu ,towards Kampala,facing Kampala,Scania trailer,Truck,UAY,Saturday,head on collision,Day
262,ACCIDENT: 42 students injured in Soroti,2023-04-27,four different,,lost control,Gweri Trading Centre,17.0,Katakwi-Soroti road,,,Fuso lorry,Truck,UBE,Wednesday,overturned,Day
263,"Soldier, child dead in army vehicle accident in Kasese",2023-04-17,Kasese,2.0,speeding,,6.0,,,,Monday Afternoon,Government,URN,,knocked pedestrian,Night
264,Police officer knocked dead in Maracha,2023-04-10,Maracha,1.0,reckless driving,Nyoro trading centre,20.0,Arua-Koboko road,,from Maracha Town,,,URN,Sunday,knocked pedestrian,Night
265,IUIU student killed in Kabalagala accident,2023-04-26,Kampala,1.0,,,19.0,Kabalagala-Ggaba Road,,,Canter Cartapillar motor vehicle,Truck,,Wednesday,crahed motorcycle,Night
266,"One killed, 10 injured in Kampala-Mityana road crash",2023-04-24,Mityana ,1.0,high speed,,20.0,Kampala ‚ÄìMityana highway,to Kampala.,from Fort Portal,commuter taxi,Commuter taxi,UBH,Monday,overturned,Night
267,Tragedy as three pupils are killed in Mbale road crash,2023-04-12,Mbale,3.0,overtake another vehicle,Nabuyonga,9.0,Mbale-Tororo highway,to Soroti.,from Tororo,Sino truck,Truck,,Wednesday,knocked pedestrian,Day
268,Eight traders injured on bumpy Nebbi‚ÄìJukia Hill road,2023-04-11,Zombo,,brake failure.,Pakwach,21.0,Nebbi - Jukia road,to Nebbi town,,,,,,overturned,Night
269,Nine dead as minivan collides with fuel tanker on Masaka-Mbarara road,2023-04-07,Lwengo,9.0,reckless driving.,Kyoko Village,16.0,Masaka-Mbarara ,headed towards Mbarara City,from Kampala,neglected,Commuter taxi,UBL,Friday,head on collision,Day
270,Four students killed after Sinotruk plows into school in central Uganda,2023-03-16,Gomba ,4.0,truck driver lost,Kasaka Senior Secondary School,17.0,,,,,,,Tuesday,rammed into house,Day
271,11 injured in Entebbe Expressway crash,2023-03-05,Wakiso,,sagging electric wires suddenly blocked the road.,Kordofan University,6.0,Entebbe-bound vehicles,,,Toyota Landcruiser,Private cars,UBL,Saturday,rammed other vehicle,Night
272,UPDF officer dies in Namutumba road crash,2023-03-30,Namutumba,1.0,,,6.0,Mbale-Iganga ,to Mbale.,from Iganga,TX Prado,Private cars,,,rammed into stationary  truck,Night
273,Scores injured as two Rwanda buses collide in Ntungamo,2023-03-29,Ntungamo,,two,Rwahi,5.0,Ntungamo-Kabale,to Kampala,from Kampala,,,,Wednesday,head on collision,Night
274,Hoima District chairperson dies in accident,2023-03-18,Kiboga,1.0,17,Mataagi Village,22.0,Kampala-Hoima ,to Kiboga,from Kampala,truck,Truck,,March,head on collision,Night
275,Buliisa NMG reporter dies in road accident,2023-03-15,Bulisa,1.0,,,20.0,Wasenko-Buliisa road,to Mulago National Referral Hospital,from Wanseko,,,,Monday,overturned,Night
276,"Three dead, seven injured in Namutumba road crash",2023-03-09,Namutumba Town Council,3.0,,,13.0,Namutumba-Budumba Road,,,Fuso truck,Truck,UAR,Thursday,overturned,Day
277,"Expectant mother, four others injured in ambulance accident",2023-03-05,Rubanda,,speeding,Ntaraga Village,15.0,Kagunga-Kabale murram,,from Kiizi Health Center III,,,UAL,Saturday,overturned,Day
278,Speeding truck kills Primary Two pupil,2023-03-02,Kampala,2.0,speeding,,8.0,Kireka-Kamuli road,,,Mitsubishi Canter,Truck,,Thursday,knocked pedestrian,Day
279,Driver and turnboy burnt to death as fuel tanker overturns in Amuru,2023-03-07,Amuru,2.0,,,6.0,Gulu-Nimule highway,,,fuel tanker,Truck,SSD,,overturned,Night
280,"Three dead, 8 in hospital after Bukedea accident",2023-03-07,Bukedea,3.0,a tyre bust,Tamula,17.0,Mbale-Soroti,,from Soroti city,Toyota Hiace,Commuter taxi,UBK,Monday,overturned,Day
281,Two NMS staff die in road crash en route to deliver drugs,2023-02-10,Jimmy Patrick Okema,2.0,lost control,,6.0,Lira-Kamdini highway.,,from Entebbe,,,UBJ,Friday,overturned,Night
282,Accident claims three lives in Kikuube district,2023-02-11,Kikuube,3.0,lost control,Hohwa Trading Centre,20.0,Hoima-Kaiso-Tonya Road,,from Hoima,Fuso truck,Truck,UAZ,Friday,overturned,Night
283,23 passengers injured in Link bus accident,2023-02-07,Mubende,,"reckless driving, the findings",Precious Tumwinyare,2.0,Fort Portal-Kampala ,to Kampala.,from Bwera,bus,Bus,UBF,,head on collision,Night
284,Top Rwandan journalist killed in road accident - police,2023-01-20,,1.0,speeding,"RSF says.

",14.0,,Last Journalists,,,,,Wednesday,crahed motorcycle,Day
285,16 dead as bus rams into stationary trailer along Kampala-Gulu highway,2023-01-06,Oyam,16.0,reckless driving where,Adebe trading center,0.0,Kampala-Gulu ,to Gulu,from Kampala,bus,Bus,UAT,Friday,rammed into stationary  truck,Night
286,Tragedy as Mugamba household loses three in accident,2023-01-01,Mityana,3.0,returning] from Kamwenge [District,,,Kampala-Mityana Road,to Mityana District,from Kampala,truck,Truck,Tar,Friday,rammed other vehicle,Day
287,NAKASONGOLA: 16 injured in Valley bus accident,2023-01-10,Nakasongola,16.0,reckless driving on,,22.0,Kampala-Gulu highway,,,coach,Bus,UAR,Monday,overturned,Night
288,LWAKHAKHA: 21 dead in Mbale-Nairobi bus accident,2023-01-08,Mbale,21.0,high speed,Chepteyis,20.0,,to Kitau,from Mbale,bus,Bus,KCL,Saturday,overturned,Night
289,"PADER: One dead, 15 injured in bus accident",2023-01-06,Luna Parish,1.0,,,6.0,Pader-Agago road,to Agago,from Kampala,bus,Bus,UAQ,Thursday,overturned,Night
290,36 South Sudanese nationals injured in Amuru accident,2023-01-03,Adjumani,,,,,Adjumani-Attiak road,to Nimule,from Nyumanzi,Tipper lorry,Truck,UAV,Tuesday,overturned,Day
